{
    "tensorflow.keras.metrics.Mean()": {
      "energy_data": {
        "cpu": "{\"columns\":[\"time_elapsed\",\"energy (J)\"],\"index\":[0,1,2,3,4,5],\"data\":[[0.500558651,18.11],[1.001243686,18.82],[1.501847283,17.46],[2.002483009,17.6],[2.503095879,18.14],[3.003748511,17.14]]}",
        "ram": "{\"columns\":[\"time_elapsed\",\"energy (J)\"],\"index\":[0,1,2,3,4,5],\"data\":[[0.500558651,3.47],[1.001243686,3.51],[1.501847283,3.46],[2.002483009,3.46],[2.503095879,3.58],[3.003748511,3.47]]}",
        "gpu": "{\"columns\":[\"timestamp\",\"power_draw (W)\",\"time_elapsed\",\"temperature\"],\"index\":[0,1,2,3,4,5],\"data\":[[1702011870.3369998932,17.54,0.0,35],[1702011870.8369998932,17.51,0.5,36],[1702011871.3380000591,17.51,1.0010001659,35],[1702011871.8380000591,17.47,1.5010001659,35],[1702011872.3389999866,17.47,2.0020000935,36],[1702011872.8389999866,17.49,2.5020000935,35]]}"
      },
      "times": {
        "start_time_execution": 1702011899674205000,
        "end_time_execution": 1702011899707723500,
        "start_time_perf": 29.03654859,
        "end_time_perf": 29.03654859,
        "sys_start_time_perf": 1702011870317172700,
        "start_time_nvidia": 29.032000064849854,
        "end_time_nvidia": 29.032000064849854,
        "sys_start_time_nvidia": 1702011870324370700,
        "begin_stable_check_time": 1702011879651506200,
        "begin_temperature_check_time": 1702011879650923800
      }
    }
  },
  {
    "tensorflow.keras.metrics.SparseCategoricalAccuracy()": {
      "energy_data": {
        "cpu": "{\"columns\":[\"time_elapsed\",\"energy (J)\"],\"index\":[0,1,2,3,4,5],\"data\":[[0.500547125,17.14],[1.000749815,18.28],[1.501365093,17.17],[2.001996695,17.43],[2.502599285,17.3],[3.003238302,17.07]]}",
        "ram": "{\"columns\":[\"time_elapsed\",\"energy (J)\"],\"index\":[0,1,2,3,4,5],\"data\":[[0.500547125,3.47],[1.000749815,3.55],[1.501365093,3.46],[2.001996695,3.55],[2.502599285,3.59],[3.003238302,3.58]]}",
        "gpu": "{\"columns\":[\"timestamp\",\"power_draw (W)\",\"time_elapsed\",\"temperature\"],\"index\":[0,1,2,3,4,5],\"data\":[[1702011930.4170000553,17.22,0.0,36],[1702011930.9170000553,17.22,0.5,36],[1702011931.4179999828,17.22,1.0009999275,35],[1702011931.9189999104,17.23,1.501999855,36],[1702011932.4189999104,17.23,2.001999855,36],[1702011932.9200000763,17.25,2.503000021,35]]}"
      },
      "times": {
        "start_time_execution": 1702011962891880700,
        "end_time_execution": 1702011962906261800,
        "start_time_perf": 32.039884259,
        "end_time_perf": 32.039884259,
        "sys_start_time_perf": 1702011930396682800,
        "start_time_nvidia": 32.04099988937378,
        "end_time_nvidia": 32.04099988937378,
        "sys_start_time_nvidia": 1702011930404255200,
        "begin_stable_check_time": 1702011942886244000,
        "begin_temperature_check_time": 1702011942885256700
      },
      "cpu_temperatures": "{\"columns\":[\"time_elapsed\",\"temperature\",\"timestamp\"],\"index\":[0,1,2],\"data\":[[0.0,31,1.70201194e+18],[1.01089792,31,1.702011941e+18],[2.019592704,31,1.702011942e+18]]}",
      "settings": {
        "max_wait_s": 120,
        "wait_after_run_s": 30,
        "wait_per_stable_check_loop_s": 20,
        "tolerance": 0,
        "measurement_interval_s": 0.5,
        "cpu_std_to_mean": 0.03,
        "ram_std_to_mean": 0.03,
        "gpu_std_to_mean": 0.01,
        "check_last_n_points": 20,
        "cpu_max_temp": 55,
        "gpu_max_temp": 40,
        "cpu_temperature_interval_s": 1
      },
      "input_sizes": {
        "args_size": 0,
        "kwargs_size": 56,
        "object_size": 0
      },
      "project_metadata": {
        "project_name": "tensorflow_docs",
        "project_repository": "https://github.com/tensorflow/docs.git",
        "project_owner": "tensorflow",
        "project_branch": "master",
        "project_commit": "03190f3b6f327a1dbaba9a712bdf102616010cfc",
        "project_commit_date": "2023-12-04T18:28:08-08:00",
        "script_path": "/home/saurabh/method-energy-dataset/projects/tensorflow_docs_patched/site/en/tutorials/quickstart/advanced.ipynb",
        "api_call_line": 36
      }
    }
  }